discountPrice,price,discount,title,shortInfo
2.75,58.01,0.5,[大熊猫繁育研究基地-大门票]大熊猫繁育基地门票 成都大熊猫,成都
9.9,63.98,1.5,[花舞人间-大门票]买即用 成都新津花舞人间大门票,成都
18.88,75.0,2.5,[国色天乡童话世界-日场票]温江国色天乡1一期童话乐园门票,成都
12.67,46.44,2.7,[大熊猫繁育研究基地-大门票]成都大熊猫繁育研究基地门票,成都
399.0,1399.0,2.9,[横店圆明新园-年卡]横店影视城门票圆明园4景区年卡,金华
39.99,139.99,2.9,[蜀风雅韵-丙票]成都市蜀风雅韵川剧变脸演出门票,成都
24.0,71.0,3.4,[上海影视乐园-大门票]上海车墩影视乐园旅游景点电子票,上海
24.0,71.0,3.4,[上海影视乐园-大门票]上海车墩影视乐园旅游景点电子票,上海
15.89,44.98,3.5,[大熊猫繁育研究基地-大门票]成都大熊猫繁育研究基地门票,成都
598.0,1598.0,3.7,[横店影视城梦幻谷-年卡]横店影视城门票梦幻谷亲子年卡,金华
59.99,159.99,3.7,[蜀风雅韵-乙票]成都市蜀风雅韵川剧变脸演出门票,成都
65.0,165.0,3.9,[千岛湖中心湖区-中心湖区门票+船票]杭州千岛湖旅游门票 无需换票,杭州
29.8,75.0,4.0,[国色天乡童话世界-大门票]温江国色天乡1一期童话乐园门票,成都
9.9,25.0,4.0,[九皇山-门票+花溪景]绵阳九皇山大门票+花溪景+猿王洞,绵阳
9.9,25.0,4.0,[九皇山-大门票]绵阳九皇山大门票+花溪景+猿王洞,绵阳
33.0,80.0,4.1,[南浔古镇-大门票]浙江湖州南浔古镇景区旅游景点,湖州
299.0,720.0,4.2,【特惠双次票】上海海昌海洋公园双次门票 极地海洋世界门票,上海
80.0,190.0,4.2,[杭州乐园-大门票]景区官方电子票 飞猪大促,杭州
74.99,174.99,4.3,[蜀风雅韵-甲票]成都市蜀风雅韵川剧变脸演出门票,成都
39.9,90.0,4.4,[国色天乡陆地乐园-大门票]温江国色天香3三期陆地乐园门票,成都
245.0,490.0,5.0,[横店影视城-2日套票]二日游门票含梦幻谷期票提前5折,金华
99.99,199.99,5.0,[蜀风雅韵-VIP票]成都市蜀风雅韵川剧变脸演出门票,成都
138.0,276.0,5.0,[横店影视城明清宫苑-两大景点联票]明清宫苑+春苑门票套票送亲子票,金华
26.0,52.0,5.0,[大熊猫繁育研究基地-大门票＋电子导览]四川成都大熊猫繁育研究基地门票,成都
160.0,320.0,5.0,[横店影视城-1景点+梦幻谷]1日游横店秦王宫+梦幻谷门票套票,金华
150.0,300.0,5.0,[横店影视城-1日套票]横店影视城门票提前5折未用退款,金华
275.0,550.0,5.0,[横店影视城-3日套票]横店旅游三日游门票提前5折优惠,金华
115.0,225.88,5.1,[中华恐龙园-1日门票]常州恐龙园门票中华恐龙园一日票,常州
35.0,69.0,5.1,[西溪国家湿地公园&middot;周家村-电瓶船票]杭州西溪湿地洪园电瓶船票,杭州
35.0,68.0,5.1,[西溪国家湿地公园&middot;周家村-电瓶船票]杭州西溪湿地洪园电瓶船票,杭州
29.97,58.0,5.2,[钟山风景名胜区-明孝陵]南京明孝陵门票明孝陵梅花山门票,南京
115.0,215.0,5.3,[上海野生动物园-大门票]上海野生动物园门票成人票...,上海
45.95,85.0,5.4,[钟山风景名胜区-明孝陵+音乐台+灵谷寺+美龄宫]南京钟山风景名胜区 明孝陵 门票,南京
4.9,9.0,5.4,[神龙谷-大门票]浙江丽水神龙谷大门票,丽水
45.95,85.0,5.4,[钟山风景名胜区-中山陵+明孝陵+灵谷寺+美龄宫+音乐台]明孝陵 灵谷寺美龄宫音乐台 门票,南京
65.0,120.0,5.4,[上海野生动物园-大门票]上海野生动物园门票电子票成人票,上海
27.0,49.5,5.5,[大熊猫繁育研究基地-大门票]大熊猫基地电子门票成人票学生票,成都
48.0,88.0,5.5,[牛首山文化旅游区-大门票]南京牛首山文化旅游区门票,南京
128.0,230.0,5.6,[锦绣中华.中国民俗文化村-大门票]深圳锦绣中华全天旅游景区电子票,深圳
49.0,88.01,5.6,[牛首山文化旅游区-大门票]南京 牛首山文化旅游区 大门票,南京
49.0,88.01,5.6,[牛首山文化旅游区-大门票]江苏南京牛首山文化旅游区大门票,南京
128.0,230.0,5.6,[锦绣中华.中国民俗文化村-大门票]深圳锦绣中华全天旅游景区电子票,深圳
42.0,72.0,5.8,[杜甫草堂-大门票]四川成都博物馆旅游景点电子门票,成都
42.0,72.0,5.8,[杜甫草堂-大门票]四川成都博物馆旅游景点电子门票,成都
138.0,238.0,5.8,[横店影视城-2景点联票]横店影视城门票春苑+明清宫苑,金华
34.58,58.8,5.9,[明孝陵-大门票+语音导览]明孝陵 手机电子讲解 梅花山门票,南京
588.0,1000.0,5.9,[上海乐高探索中心-畅游半年卡]乐玩半年卡 1小绑定4大,上海
29.89,50.99,5.9,[周浦花海-大门票]上海周浦花海门票,上海
120.0,200.0,6.0,[汕头方特欢乐世界蓝水星-大门票]★方特门票★可身份证入园,汕头
150.0,250.0,6.0,[横店影视城-1日套票]官方|横店门票3景点联票未用退款,金华
64.99,108.88,6.0,[上海野生动物园-大门票]野生动物世界含猛兽区巴士大门票,上海
520.0,870.0,6.0,[杭州乐园-VIP卡]门票 双人卡,杭州
55.0,90.1,6.1,[成都华侨城欢乐田园-大门票]双流黄龙溪华侨城欢乐田园套票,成都
155.0,255.0,6.1,[深圳平安国际金融中心-通票]深圳平安大厦云际观光层电子门票,深圳
84.0,138.0,6.1,[灵秀温泉-温泉]峨眉山灵秀温泉门票  当天可订,乐山
84.0,138.0,6.1,[灵秀温泉-温泉票]峨眉山灵秀温泉门票  当天可订,乐山
160.0,260.0,6.2,[横店影视城-1景点+梦幻谷]限时5折|官方旗舰店门票联票套票,金华
50.0,80.0,6.2,[南浔古镇-大门票]浙江湖州南浔古镇景区旅游景点,湖州
52.0,82.0,6.3,[辰山植物园-大门票]上海辰山风景旅游区电子门票,上海
1680.0,2680.0,6.3,[横店影视城-年卡]当天可用12大景区门票节假日通用,金华
52.0,82.0,6.3,[辰山植物园-大门票]上海辰山风景旅游区电子门票,上海
34.93,55.0,6.4,[明孝陵-大门票]南京 明孝陵 梅花山门票 梅花节,南京
355.0,550.0,6.5,[上海迪士尼度假区-1日门票]上海迪士尼乐园一日票迪斯尼一日,上海
145.0,218.0,6.7,[广州塔-450米塔顶游乐套票]广州塔门票极速云霄套票小蛮腰,广州
199.0,299.0,6.7,[厦门方特东方神画-大门票]★方特门票★可身份证入园,厦门
66.0,99.0,6.7,[西溪国家湿地公园&middot;周家村-大门票+电瓶船]【预售票】有效期截止8月31日,杭州
145.0,218.0,6.7,[广州塔-450米塔顶游乐套票]广州塔门票极速云霄套票小蛮腰,广州
53.0,79.0,6.7,[广州融创乐园-通票]溜达4月6项目通玩门票花都主题,广州
66.0,99.0,6.7,[西溪国家湿地公园&middot;周家村-大门票+电瓶船]【预售票】有效期截止8月31日,杭州
53.0,79.0,6.7,[广州融创乐园-通票]趣游玩4月6项目通玩门票花都主题,广州
28.0,41.76,6.7,[成都音乐百花谷-大门票]成都五龙山音乐百花谷门票大门票,成都
199.0,299.0,6.7,[厦门方特梦幻王国-大门票]★方特门票★可身份证入园,厦门
85.0,125.0,6.8,[五缘湾帆船港-船票]厦门旅游 五缘湾帆船门票...,厦门
68.0,100.0,6.8,[京津冀名胜文化休闲旅游年卡-京津冀名胜文化休闲旅游年卡（实体票）]京津冀名胜文化休闲旅游年卡,北京
60.0,88.0,6.8,[慕田峪长城-门票+摆渡车]北京旅游景点可加缆车+送明信片,北京
59.99,87.88,6.8,[瘦西湖-大门票]扬州瘦西湖门票 瘦西湖大门票,扬州
60.0,88.0,6.8,[慕田峪长城-门票+摆渡车]北京旅游景点可加缆车+送明信片,北京
19.9,28.98,6.9,[田园乐翻天-大门票]套票邛崃 田园乐翻天 迪士尼乐园,成都
